INSERT INTO tab_parametros values (1,1);
INSERT INTO tab_deptos (id_depto, nom_depto) VALUES
('05', 'Antioquia'),
('08', 'Atlántico'),
('11', 'Bogotá, D.C.'),
('13', 'Bolívar'),
('15', 'Boyacá'),
('17', 'Caldas'),
('18', 'Caquetá'),
('19', 'Cauca'),
('20', 'Cesar'),
('23', 'Córdoba'),
('25', 'Cundinamarca'),
('27', 'Chocó'),
('41', 'Huila'),
('44', 'La Guajira'),
('47', 'Magdalena'),
('50', 'Meta'),
('52', 'Nariño'),
('54', 'Norte de Santander'),
('63', 'Quindío'),
('66', 'Risaralda'),
('68', 'Santander'),
('70', 'Sucre'),
('73', 'Tolima'),
('76', 'Valle del Cauca'),
('81', 'Arauca'),
('85', 'Casanare'),
('86', 'Putumayo'),
('88', 'Archipiélago de San Andrés, Providencia y Santa Catalina'),
('91', 'Amazonas'),
('94', 'Guainía'),
('95', 'Guaviare'),
('97', 'Vaupés'),
('99', 'Vichada');

INSERT INTO tab_ciudad (id_ciudad, cod_dane, nom_ciudad, id_depto) VALUES
('05001', '05001', 'Medellín', '05'),
('08001', '08001', 'Barranquilla', '08'),
('11001', '11001', 'Bogotá, D.C.', '11'),
('13001', '13001', 'Cartagena de Indias', '13'),
('15001', '15001', 'Tunja', '15'),
('17001', '17001', 'Manizales', '17'),
('18001', '18001', 'Florencia', '18'),
('19001', '19001', 'Popayán', '19'),
('20001', '20001', 'Valledupar', '20'),
('23001', '23001', 'Montería', '23'),
('25001', '25001', 'Agua de Dios', '25'), 
('27001', '27001', 'Quibdó', '27'),
('41001', '41001', 'Neiva', '41'),
('44001', '44001', 'Riohacha', '44'),
('47001', '47001', 'Santa Marta', '47'),
('50001', '50001', 'Villavicencio', '50'),
('52001', '52001', 'San Juan de Pasto', '52'),
('54001', '54001', 'San José de Cúcuta', '54'),
('63001', '63001', 'Armenia', '63'),
('66001', '66001', 'Pereira', '66'),
('68001', '68001', 'Bucaramanga', '68'),
('70001', '70001', 'Sincelejo', '70'),
('73001', '73001', 'Ibagué', '73'),
('76001', '76001', 'Cali', '76'),
('81001', '81001', 'Arauca', '81'),
('85001', '85001', 'Yopal', '85'),
('86001', '86001', 'Mocoa', '86'),
('88001', '88001', 'San Andrés', '88'),
('91001',  '91001', 'Leticia', '91'),
('94001',  '94001', 'Inírida', '94'),
('95001',  '95001', 'San José del Guaviare', '95'),
('97001',  '97001', 'Mitú', '97'),
('99001',  '99001', 'Puerto Carreño', '99');


INSERT INTO tab_tipo_documento_identidad (id_tipo_doc, cod_tipo_doc, des_tipo_doc) VALUES
(1, 'CC',  'Cédula de ciudadanía'),
(2, 'CE',  'Cédula de extranjería'),
(3, 'TI',  'Tarjeta de identidad'),
(4, 'PA',  'Pasaporte'),
(5, 'RC',  'Registro civil de nacimiento'),
(6, 'NUI', 'Número único de identificación');
--select * from tab_estado_proceso;
INSERT INTO tab_estado_proceso (id_estado_proceso, nom_estado_proceso, des_estado_proceso, ind_terminal) VALUES
(1,  'REPARTO',      'En reparto',                    FALSE),
(2,  'ADMITIDO',     'Admitido',                      FALSE),
(3,  'INADMITIDO',   'Inadmitido',                    FALSE),
(4,  'RECHAZADO',    'Rechazado',                     TRUE),
(5,  'NOTIFICADO',   'Notificado a las partes',       FALSE),
(6,  'ACTIVO',       'En trámite',                    FALSE),
(7,  'PROBATORIO',   'Etapa probatoria',              FALSE),
(8,  'ALEGATOS',     'Alegatos de conclusión',        FALSE),
(9,  'PARA_FALLO',   'Para fallo',                    FALSE),
(10, 'FALLADO',      'Sentenciado',                   FALSE),
(11, 'EJECUTORIADO', 'Sentencia ejecutoriada',        FALSE),
(12, 'APELACION',    'En segunda instancia',          FALSE),
(13, 'ARCHIVADO',    'Archivado',                     TRUE),
(14, 'SUSPENDIDO',   'Suspendido',                    FALSE);